TITLE, IMAGE, LINK, DESCRIPTION
Futuristic City, https://pbs.twimg.com/media/F2ug_qxasAcgqu_?format=jpg&name=medium,  https://www.instagram.com/p/CC2sU5vh9Jw/,  Futuristic City\n\nProgram :\nBlender 3D
ARC City, https://pbs.twimg.com/media/F2ug_tYasAAacz_?format=jpg&name=medium, https://www.instagram.com/p/CCp680nhhSV/, ARC City\n\nTime : 1 day\n\nProgram :\nBlender 3D
Kiana and Himeko, https://pbs.twimg.com/media/F2ug_p9asAMP8el?format=jpg&name=medium, https://www.instagram.com/p/CCk9KlRhL8W/, Kiana and Himeko
Lab Remake, https://pbs.twimg.com/media/F2ug79AasAE4YMn?format=jpg&name=medium, https://www.instagram.com/p/CAEzDQ6BKTS/, Remake
Old Library, https://pbs.twimg.com/media/F2ug79CasAE77bg?format=jpg&name=medium, https://www.instagram.com/p/B__3_1Th_vn/, Old Library
Old Library, https://pbs.twimg.com/media/F2ug79Ba0AAksTH?format=jpg&name=medium, https://www.instagram.com/p/B__3yXzBroC/, Old Library
Spaceship V2, https://pbs.twimg.com/media/F2ug78BasAQLwQU?format=jpg&name=medium, https://www.instagram.com/p/B-YNcT7Bamu/, Spaceship V2
Spaceship, https://pbs.twimg.com/media/F2ugzu-aQAA1IeS?format=jpg&name=medium, https://www.instagram.com/p/B-YNJyBhxqa/, Spaceship
BMW, https://pbs.twimg.com/media/F2ugzuKasAEjuj6?format=jpg&name=medium, https://www.instagram.com/p/B9ls_xhhn4r/, BMW
BMW M3 GTR, https://pbs.twimg.com/media/F2ugzuIaQAMXIwU?format=jpg&name=medium, https://www.instagram.com/p/B9WrZfyBU1j/, BMW M3 GTR
Car Model, https://pbs.twimg.com/media/F2ugzt_aQAItxuS?format=jpg&name=medium, https://www.instagram.com/p/B9PrqiIhHvj/, First time making car
Sci-Fi Race Car, https://pbs.twimg.com/media/F2ugn8ra8AAor2z?format=jpg&name=medium, https://www.instagram.com/p/B9B1Ot7h4lG/, Sci-fi Race Car
Sci-Fi F1 Car, https://pbs.twimg.com/media/F2ugn8paQAEogcm?format=jpg&name=medium, https://www.instagram.com/p/B9PrcA7hyP9/, Sci-fi F1 Car
Formula Hybrid, https://pbs.twimg.com/media/F2ugn8easAEjZ21?format=jpg&name=medium, https://www.instagram.com/p/B8vloWvBwTJ/, Formula Hybrid
Formula 1, https://pbs.twimg.com/media/F2ugn8easAMbj0a?format=jpg&name=medium, https://www.instagram.com/p/B8vdaTKBE4x/, Formula 1
Formula 1 WIP, https://pbs.twimg.com/media/F2ugZoBasAMd-f8?format=jpg&name=medium, https://www.instagram.com/p/B8lXs5cBLDH/, Formula 1 WIP
Low Poly F1 Car, https://pbs.twimg.com/media/F2ugZoKasAUxYdo?format=jpg&name=medium, https://www.instagram.com/p/B8ifNcZBlo7/, Low Poly F1 Car
Sci-Fi Train Model, https://pbs.twimg.com/media/F2ugZoJasAE-1Lv?format=jpg&name=medium, https://www.instagram.com/p/B8dzINZhfMe/, Sci-fi Train Model
Low Poly Core, https://pbs.twimg.com/media/F2ugZoBaQAApkmB?format=jpg&name=medium, https://www.instagram.com/p/B6Zg0-FA23n/, A Low Poly Core